Swing_Rank,Ticker,WinRate_5d,WinRate_10d,WinRate_20d,AvgRet_5d,AvgRet_10d,AvgRet_20d,Sample_Signals,Swing_Score,Sharia
1,MU,63.64,63.64,77.27,2.01,6.8,11.94,22,11802.52,Halal
2,BKNG,81.82,81.82,86.36,1.95,2.71,4.79,22,7446.93,Doubtful
3,MPC,53.85,61.54,100.0,0.86,0.38,8.95,13,3146.62,Not Halal
4,NET,63.64,54.55,50.0,3.3,0.8,-4.61,22,2500.88,Not Halal
5,APP,63.64,68.18,50.0,0.35,3.48,-1.06,22,2101.08,Doubtful
6,VLO,46.15,61.54,69.23,0.58,1.47,3.67,13,1764.09,Halal
7,E,60.0,60.0,90.0,0.11,0.54,4.8,10,1310.35,Not Halal
8,DELL,41.67,50.0,75.0,0.02,0.75,5.53,12,1251.03,Not Halal
9,NTR,53.33,60.0,93.33,-0.01,0.26,4.22,15,1156.42,Not Halal
10,COP,70.0,70.0,80.0,0.08,-0.59,4.83,10,892.78,Not Halal
11,CVX,63.16,73.68,73.68,-0.05,-0.44,2.66,19,488.56,Halal
12,AXTI,22.22,33.33,55.56,-6.67,-1.86,25.35,9,261.04,Not Halal
13,LYB,25.0,16.67,66.67,-1.14,-1.28,7.47,12,177.3,Not Halal
14,SPOT,59.09,40.91,45.45,1.4,-0.32,-3.58,22,-5.44,Doubtful
15,VRSN,63.64,45.45,45.45,-0.03,-0.18,0.06,22,-100.08,Halal
16,EQIX,27.27,45.45,72.73,-0.68,-0.18,0.52,11,-278.46,Halal
17,WM,41.18,70.59,35.29,-0.74,0.59,-1.1,17,-462.68,Halal
18,PSX,50.0,42.86,71.43,-1.13,-1.43,3.72,14,-549.39,Not Halal
19,CRWD,40.91,54.55,59.09,-0.75,-0.54,-0.43,22,-922.11,Halal
20,ADSK,27.27,45.45,31.82,-1.21,-0.52,-1.17,22,-1032.78,Halal
21,INTU,50.0,54.55,54.55,-0.53,-1.61,0.24,22,-1179.91,Not Halal
22,EOG,25.0,12.5,12.5,-1.34,-3.83,-5.2,16,-1435.64,Halal
23,SHEL,33.33,41.67,41.67,-1.14,-3.62,-0.03,12,-1546.98,Not Halal
24,USO,8.33,8.33,16.67,-5.2,-5.54,-3.98,12,-1614.06,Unknown
25,FFIV,50.0,45.45,22.73,-0.68,-0.93,-4.08,22,-1726.15,Halal
26,FANG,46.15,30.77,30.77,-1.68,-2.73,-2.97,13,-2181.68,Not Halal
27,EQNR,9.09,27.27,27.27,-5.03,-3.87,-1.45,11,-2200.38,Not Halal
28,CF,16.67,25.0,25.0,-4.86,-4.03,-5.33,12,-2999.82,Halal
29,PLTR,36.36,27.27,22.73,-1.44,-9.07,-10.55,22,-5474.44,Not Halal
